CRYPTO NAME,PRICE,CHANGE(24h),MARKET CAP.
Bitcoin,"$50,383.00",0.47 %,"$943,825,087,852"
Ethereum,"$50,383.00",4.88 %,"$463,755,888,731"
Binance Coin,"$50,383.00",0.65 %,"$93,686,661,696"
Dogecoin,"$50,383.00",29.47 %,"$69,736,525,147"
XRP,"$50,383.00",5.55 %,"$64,494,501,935"
Cardano,"$50,383.00",2.53 %,"$59,962,360,061"
Tether,"$50,383.00",-0.21 %,"$57,861,621,187"
Polkadot,"$50,383.00",2.56 %,"$40,801,133,877"
Bitcoin Cash,"$50,383.00",2.05 %,"$24,488,814,862"
Litecoin,"$50,383.00",2.49 %,"$21,882,626,466"
Chainlink,"$50,383.00",4.53 %,"$19,323,985,259"
USD Coin,"$50,383.00",-0.39 %,"$16,065,413,498"
Stellar,"$50,383.00",10.77 %,"$15,500,410,034"
Ethereum Classic,"$50,383.00",18.19 %,"$13,453,398,393"
VeChain,"$50,383.00",1.85 %,"$12,322,067,933"
EOS,"$50,383.00",4.41 %,"$10,753,516,203"
Theta Network,"$50,383.00",5.25 %,"$10,176,966,799"
OKB,"$50,383.00",-1.36 %,"$9,470,639,766"
TRON,"$50,383.00",3.05 %,"$9,004,293,884"
Binance USD,"$50,383.00",-0.01 %,"$7,755,347,705"
Monero,"$50,383.00",3.63 %,"$7,450,031,682"
NEO,"$50,383.00",3.95 %,"$7,137,720,468"
Huobi Token,"$50,383.00",2.79 %,"$6,329,536,319"
cETH,"$50,383.00",5.25 %,"$6,247,468,241"
Terra,"$50,383.00",3.55 %,"$6,201,140,329"
Bitcoin SV,"$50,383.00",1.68 %,"$6,082,872,142"
Cosmos,"$50,383.00",1.82 %,"$5,834,719,433"
IOTA,"$50,383.00",-0.68 %,"$5,350,252,508"
Tezos,"$50,383.00",2.99 %,"$5,246,297,009"
FTX Token,"$50,383.00",2.02 %,"$5,042,165,805"
Kusama,"$50,383.00",-4.18 %,"$4,703,547,460"
cDAI,"$50,383.00",-0.17 %,"$4,598,502,155"
Maker,"$50,383.00",6.16 %,"$4,575,914,915"
Dai,"$50,383.00",-0.21 %,"$4,552,290,753"
THORChain,"$50,383.00",8.09 %,"$4,524,215,028"
Crypto.com Coin,"$50,383.00",6.16 %,"$4,309,775,431"
Algorand,"$50,383.00",3.36 %,"$4,266,394,399"
cUSDC,"$50,383.00",-0.19 %,"$4,263,468,159"
Compound,"$50,383.00",4.84 %,"$4,189,772,771"
BitTorrent,"$50,383.00",2.90 %,"$4,119,998,446"
Dash,"$50,383.00",3.87 %,"$3,820,933,230"
LEO Token,"$50,383.00",12.65 %,"$3,720,182,124"
Zcash,"$50,383.00",0.28 %,"$3,438,698,148"
Waves,"$50,383.00",3.55 %,"$3,289,143,070"
Synthetix Network Token,"$50,383.00",-3.12 %,"$3,137,913,906"
Elrond,"$50,383.00",0.67 %,"$2,969,172,894"
NEM,"$50,383.00",3.03 %,"$2,916,102,442"
Hedera Hashgraph,"$50,383.00",22.89 %,"$2,802,293,278"
Celsius Network,"$50,383.00",2.16 %,"$2,784,910,273"
yearn.finance,"$50,383.00",5.51 %,"$2,646,671,410"
Decred,"$50,383.00",1.67 %,"$2,621,211,333"
Zilliqa,"$50,383.00",4.73 %,"$2,410,982,238"
Qtum,"$50,383.00",7.96 %,"$2,271,553,485"
NEXO,"$50,383.00",5.41 %,"$2,137,653,686"
Holo,"$50,383.00",4.27 %,"$2,122,040,610"
Enjin Coin,"$50,383.00",0.97 %,"$1,986,775,595"
Basic Attention Token,"$50,383.00",1.29 %,"$1,826,216,074"
Ontology,"$50,383.00",2.90 %,"$1,817,556,965"
Bitcoin Gold,"$50,383.00",9.63 %,"$1,790,114,343"
Nano,"$50,383.00",-2.22 %,"$1,769,407,424"
Stacks,"$50,383.00",1.49 %,"$1,730,956,067"
DigiByte,"$50,383.00",1.98 %,"$1,721,903,260"
Decentraland,"$50,383.00",2.42 %,"$1,721,062,262"
GateToken,"$50,383.00",-2.27 %,"$1,653,072,924"
UMA,"$50,383.00",0.43 %,"$1,568,407,978"
Siacoin,"$50,383.00",3.59 %,"$1,553,914,195"
Horizen,"$50,383.00",0.38 %,"$1,553,089,276"
Bancor Network Token,"$50,383.00",3.55 %,"$1,460,693,501"
OMG Network,"$50,383.00",4.74 %,"$1,450,647,323"
0x,"$50,383.00",1.35 %,"$1,431,952,749"
ICON,"$50,383.00",0.03 %,"$1,352,977,457"
Ravencoin,"$50,383.00",2.44 %,"$1,237,884,727"
DxChain Token,"$50,383.00",3.37 %,"$94,790,225"
TrueUSD,"$50,383.00",-0.07 %,"$1,190,810,686"
Aave LINK,"$50,383.00",3.32 %,"$330,885,424"
